fid,_latitude,_longitude,codigo,localizaca,andar,foto,observacao,Codigo_2,Artista,Título,Data_2,Técnica,Dimensão,icon_url
1,-25.424967599999999,-49.209888300000003,90,BL04,Térreo,fd20e68b-4fd9-4531-94d8-dbbfd6fac44f,,90,Reginaldo Carvalho,(UniBrasil),"2008",Tinta óleo sobre tela,"44 x 57 cm (suporte) 62,5 x 75 cm
(moldura)",./0.png
2,-25.424485600000001,-49.210335299999997,36,BL06,4o Andar,70f82de0-0400-4561-9fa2-f7b77e7bba96,,36,Hanry Marcel kluk,Evandro C. Piza Duarta,"2010",Grafite sobre papel,"41 x 28 cm (suporte) 60 x 47
(moldura)",./0.png
3,-25.424483500000001,-49.210338900000004,38,BL06,4o Andar,8a55e54f-0aac-4800-8bbd-9c4fefcba4f6,,38,Hanry Marcel kluk,Bruno Ricardo Schier,"2010",Grafite sobre papel,"41 x 28 cm (suporte) 60 x 47
(moldura)",./0.png
4,-25.424459200000001,-49.210294699999999,37,BL06,4o Andar,d7de3cf8-e518-4b01-862e-f7c5e4ce69da,,37,Hanry Marcel kluk,Regina M. M.Ferrari,"2010",Grafite sobre papel,"41 x 28 cm (suporte) 60 x 47
(moldura)",./0.png
5,-25.424486999999999,-49.210337699999997,39,BL06,4o Andar,cf0d44bf-c5bf-469a-8fbb-31ee078caaaf,,39,Hanry Marcel kluk,Abili L. C. de Lima,"2010",Grafite sobre papel,"41 x 28 cm (suporte) 60 x 47
(moldura)",./0.png
6,-25.424490800000001,-49.210338600000000,34,BL06,4o Andar,47828f79-4ecc-41d1-8e9b-03c5da6c937b,,34,Hanry Marcel kluk,Emerson Gabardo,"2010",Grafite sobre papel,"41 x 28 cm (suporte) 60 x 47
(moldura)",./0.png
7,-25.424492099999998,-49.210337699999997,33,BL06,4o Andar,2aa78c17-ddcf-489c-88ab-5790d5dee345,,33,Hanry Marcel kluk,Marco A. Marrafon,"2010",Grafite sobre papel,"41 x 28 cm (suporte) 60 x 47
(moldura)",./0.png
8,-25.424475000000001,-49.210330300000003,35,BL06,4o Andar,ebe403f0-b63a-4321-a543-f16c87253078,,35,Hanry Marcel kluk,Estefania N. de Queiroz Barboza,"2010",Grafite sobre papel,"41 x 28,5 cm (suporte)
60 x 47
(moldura)",./0.png
9,-25.424489200000000,-49.210353499999997,40,BL06,4o Andar,78e4b770-c9a6-4f63-bed1-4f41918beb60,,40,Carlus Lisboa,Marta Marilia Tomin,"2015",Grafite sobre papel,"41 x 28,5 cm (suporte)
60 x 47
(moldura)",./0.png
10,-25.424500999999999,-49.210334600000003,142,BL06,4o Andar,5cfd23b6-06c8-46d7-b63b-af5cc32087d0,,142,Reginaldo Carvalho,Sem título,"2019",Tinta óleo sobre tela,160 x 560 cm,./0.png
11,-25.424001400000002,-49.212747600000000,145,BL08,1o Andar,72019e95-d101-4d86-9733-26d2e1992f02,,145,Autor desconhecido,Sem título,Sem data,Reprodução em preto e branco sobre papel fotográfico,90 x 60 cm (suporte) 101 x 72 cm (moldura),./0.png
12,-25.424743500000002,-49.210665499999998,164,AUDITÓRIO BLOCO 6,Térreo,b3434bdf-f394-443d-969c-876aeced4cf9,,,,,,,,./0.png
13,-25.424740900000000,-49.210641899999999,27,AUDITÓRIO BLOCO 6,Térreo,dde6997d-510d-4674-ab74-8c5ba3974d06,,27,Davi Rodrigues,Busto do Rui Barbosa,"2015",Escultura em resina,"73 x 55 x 30
cm",./0.png
14,-25.424739800000001,-49.210687900000003,110,AUDITÓRIO BLOCO 6,Térreo,2eea92b1-eeee-4d1f-817b-87b6b139828d,,110,Reginaldo Carvalho,(Passeio Público),"2003",Tinta óleo sobre tela,"70 x 80 cm (suporte)
96 x 105 cm (moldura)",./0.png
15,-25.424745600000001,-49.210506899999999,65,AUDITÓRIO BLOCO 6,Térreo,824c3492-1b23-41bc-8199-c7ba2ff6b688,,65,Isael M. Caetano,(UniBrasil),Sem data,Tinta óleo sobre tela,100 x 120 cm,./0.png
16,-25.424767800000001,-49.210592300000002,66,AUDITÓRIO BLOCO 6,Térreo,fa592349-6ddc-49cb-b247-3b3b1f2bb3b6,,66,Isael M. Caetano,(Abstrato),Sem data,Tinta óleo sobre tela,150 x 300 cm,./0.png
17,-25.424719000000000,-49.210629400000002,64,AUDITÓRIO BLOCO 6,Térreo,871aa665-ae14-4592-a31f-cc564bf3fac6,,64,Isael M. Caetano,(UniBrasil),Sem data,Tinta óleo sobre tela,50 x 150 cm,./0.png
18,-25.424659399999999,-49.210758499999997,41,AUDITÓRIO BLOCO 6,Térreo,31f9f224-4c49-4ebd-ae4c-48c6b8a8691d,,41,Carlus Lisboa,Dr. Jeorling Cordeiro Cléve,"2015",Tinta óleo sobre tela,"60 x 50 cm (suporte) 78 x 68 cm
(moldura)",./0.png
19,-25.424728600000002,-49.210716900000001,172,AUDITÓRIO BLOCO 6,Térreo,8e9aa7cd-e5bb-43b6-9604-083a6a745315,SEM CÓDIGO,,,,,,,./0.png
20,-25.424710699999999,-49.210737199999997,171,AUDITÓRIO BLOCO 6,Térreo,6c22b1e6-4295-4c12-a135-62921a26e157,SEM CÓDIGO,,,,,,,./0.png
21,-25.424734300000001,-49.210735800000002,170,AUDITÓRIO BLOCO 6,Térreo,2ce15a72-c8fa-4aa3-aa9e-086017ead015,SEM CÓDIGO,,,,,,,./0.png
22,-25.424725200000001,-49.210726000000001,173,AUDITÓRIO BLOCO 6,Térreo,c9c7be0f-85a0-4a31-94f2-4b7f4d4969c4,,,,,,,,./0.png
23,-25.424553700000001,-49.210641400000000,74,PPGD,Térreo,2d84a61b-2099-42b3-bfa0-f2db6e98ed5c,,74,Piveni Piassi Moraes,(UniBrasil),"2001",Tinta óleo sobre tela,"70 x 110 cm (Suporte) 90 x 130 cm
(moldura)",./0.png
24,-25.424558600000001,-49.210653800000003,91,PPGD,Térreo,407d8c36-0e2b-49e4-9ccf-208e7d07b028,,91,Reginaldo Carvalho,Bondinho de Curitiba,"2006",Tinta óleo sobre tela,"50 x 60 cm (suporte) 67,5 x 79 cm (Moldura)",./0.png
25,-25.424541399999999,-49.210625399999998,84,PPGD,Térreo,90dd1199-f243-426b-b780-de53faaaf1f5,,84,Reginaldo Carvalho,(Praça Garibaldi),"2005",Tinta óleo sobre tela,"50 x 60 cm (suporte) 70 x 80 cm
(suporte)",./0.png
26,-25.424498799999999,-49.212861699999998,8,sala de leitura,Térreo,9a0ecc56-5561-438b-b7cb-823328a2e857,,8,Andréa Castor Kraemer,(15 anos do Centro Universitário UniBrasil),"2014",Aquarela sobe seda,"28 x 134 cm (suporte)
42 x 149 cm (moldura)",./0.png
27,-25.424409300000001,-49.212837499999999,7,sala de leitura,Térreo,12a677cd-17bc-44d0-a9e2-9da5874c076f,,7,Andréa Castor Kraemer,(15 anos do Centro Universitário UniBrasil),"2014",Aquarela sobe seda,135 x 216 cm,./0.png
28,-25.424544099999999,-49.210316300000002,46,BL06,Térreo,3a79432c-ca15-4e03-981c-38b8aa95e84c,,46,Carlos Novaes,(Abstrato),Sem data,Tinta óleo sobre tela,"45 x 32 cm (suporte) 55 x 44 cm
(moldura)",./0.png
29,-25.424504400000000,-49.210321899999997,47,BL06,Térreo,b59e00f6-b846-4432-a6ee-5929407efd21,,47,Carlos Novaes,(Abstrato),Sem data,Tinta óleo sobre tela,43 x 43 cm (suporte) 54 x x 54 (Moldurta),./0.png
30,-25.424607099999999,-49.210261199999998,45,BL06,Térreo,6b472cda-822d-47cd-9a35-eefb6a27ba96,,45,Carlos Novaes,(Abstrato),Sem data,Tinta óleo sobre tela,"70 x 40 cm (suporte) 80 x 53
(moldura)",./0.png
31,-25.424630799999999,-49.210251000000000,83,BL06,Térreo,d0d601fe-d5d5-4635-b28b-918b1658a8a4,,83,Reginaldo Carvalho,Vista Lateral da Catedral,"2004",Tinta óleo sobre tela,60 x 50 cm (suporte) 78 x 69 cm (moldura),./0.png
32,-25.424600500000000,-49.210269799999999,99,BL06,Térreo,1a369bdb-f12e-4f09-8029-67493d8d8f17,,99,Reginaldo Carvalho,(UniBrasil),"2004",Tinta óleo sobre tela,"50 x 60 cm (suporte)
68,5 x 78,5 cm
(moldura)",./0.png
33,-25.424629800000002,-49.210252099999998,130,BL06,Térreo,10ca7b62-de72-4b97-a1dc-27ac65b94165,,130,Paula L. Schmidlin,(Catedral),"2008",Nanquim sobre papel,"51 x 36 cm (suporte) 64 x 49
(moldura)",./0.png
34,-25.424563550300000,-49.210217715500001,42,BL06,1o Andar,927e6978-c79e-4777-836d-030761e8d90b,,42,Ruben Esmanhotto,(Universidade Federal do Paraná),"2005","Gravura – Litogravuras sobre papel, P.A","58 x 44 cm (suporte)
65 x 51 cm (moldura)",./0.png
35,-25.424490500000001,-49.212939700000000,63,sala de leitura,Térreo,973a46a3-3ac7-4183-8977-874e61073308,,63,Corina Ferraz,Brincantes Brasileiros,"2015",Tinta óleo sobre tela,160 x 540 cm,./0.png
36,-25.424429100000001,-49.212850899999999,123,sala de leitura,1o Andar,0d209e33-aa7b-41c6-87f2-52cde65b7c4f,,123,Sônia Mara Mello,Bastidores,"1993",Tinta óleo sobre tela,"100 x 80 cm (suporte) 71,5 x 91 cm
(moldura)",./0.png
37,-25.424483299999999,-49.212748300000001,129,sala de leitura,1o Andar,081d2b5a-05db-4e7b-b35d-defb33d6c42d,,129,Erico da Silva,(Tubo),Sem data,Nanquim sobre papel (reprodução),"46 x 60 cm (suporte) 43 x 58 cm (área impressa) 65 x 80 cm
(moldura)",./0.png
38,-25.424409600000001,-49.212853400000000,161,sala de leitura,Térreo,13186180-3578-4251-a77f-e6fa9200d13f,SEM CÓDIGO,,,,,,,./0.png
39,-25.424526100000001,-49.212862299999998,156,sala de leitura,Térreo,8d85cff9-d930-4cb0-a163-364038b9257b,,156,Luciano Corbeline,Sem título,Sem data,Pedra Sabão e ferro,"56 x 34 x 30
cm",./0.png
40,-25.424551699999999,-49.212719999999997,26,EXTERNO,Externo,c0709b00-3d8c-46e5-bd5d-b28dea51103a,,26,Davi Rodrigues,O pensador (reprodução Rodin),"2015",Escultura em resina,"98 x 55 x 30
cm",./0.png
41,-25.423919399999999,-49.211806899999999,160,EXTERNO,Externo,c19505a7-472e-4226-ba3a-93d8b5edc248,,,,,,,,./0.png
42,-25.423668800000002,-49.211119699999998,15,EXTERNO,Externo,784d50f8-de8f-4dbe-80b9-bf4a724670b4,,15,Luiz Gagliastri,Sem título,"2009",Escultura m ferro Fundido,"500 x 134 x
227 cm",./0.png
43,-25.423774900000002,-49.211221700000003,14,EXTERNO,Externo,46b64a61-17e5-4f6e-a572-6ff3791d9448,,14,Luiz Gagliastri,Sem título,"2007",Escultura em ferro fundido,"225 x 223 x
236 cm",./0.png
44,-25.424945000000001,-49.211703300000003,159,EXTERNO,Externo,d2f79121-42a9-4425-95ab-f51c5754c00b,,,,,,,,./0.png
45,-25.424740100000001,-49.210925899999999,157,EXTERNO,Externo,4c6c80ff-fd16-4d92-b0a6-456335f54c8b,,157,Artista desconhecido,Sem título,Sem data,Ferro Policromado,134 x 40 x 34,./0.png
46,-25.424791700000000,-49.210818300000000,16,EXTERNO,Externo,5f8750d2-cb33-438f-b09c-e7775cb756e1,,16,André Bucher,À Justiça,Sem data,Escultura em ferro e plástico,"32 x 86 x 17
cm",./0.png
47,-25.424913600000000,-49.210805600000000,17,EXTERNO,Externo,929dbfac-a4b0-4cf9-afe5-0faac0f8882a,,17,Tony Reis,Arte Contemporânea,"2015",Escultura em resina,"123 x 123 x 40
cm",./0.png
48,-25.423973300000000,-49.212789999999998,52,BL08,1o Andar,a42184fa-3b55-4ab4-b7c2-c3f60f4a11ec,,52,Carlos Novaes,(Abstrato),Sem data,Tinta acrílica sobre tela,"28 x 19,5 cm (suporte)
39 x 30 cm (suporte)",./0.png
49,-25.423976700000001,-49.212728300000002,146,BL08,1o Andar,44c86618-cd70-4daf-947c-fd9141109045,,146,Carlos Novaes,Sem título,Sem data,Tinta acrílica sobre papel,"54,5 x 39 cm",./0.png
50,-25.424020599999999,-49.212742599999999,51,BL08,1o Andar,e76c2cb4-265d-4243-bd26-1b7a75fddd5a,,51,Carlos Novaes,(Abstrato),Sem data,Tinta acrílica sobre tela,54 x 39 cm,./0.png
51,-25.423938300000000,-49.212710000000001,152,BL08,1o Andar,191c1867-908b-4fcb-befd-547668c6ce26,,152,Carlos Novaes,Sem título,Sem data,Tinta acrílica sobre papel,60 x 49 cm,./0.png
52,-25.423979500000002,-49.212704400000000,150,BL08,1o Andar,a96b2a05-5c86-41b5-9426-75b9c8dcd429,,150,Carlos Novaes,Sem título,Sem data,Tinta acrílica sobre papel,60 x 50 cm,./0.png
53,-25.424003299999999,-49.212721700000003,151,BL08,1o Andar,7ac9ccc8-a9aa-4f03-8f3e-9909c7459eb5,,151,Carlos Novaes,Sem título,Sem data,Tinta acrílica sobre papel,50 x 65 cm,./0.png
54,-25.423961700000000,-49.212751699999998,148,BL08,1o Andar,68609836-8a1f-4504-aec4-ac6093e393ec,,148,Carlos Novaes,Sem título,Sem data,Tinta acrílica sobre papel,45 x 70 cm,./0.png
55,-25.423961700000000,-49.212751699999998,149,BL08,1o Andar,a94f72f7-90e3-4ca0-8281-ea2715c011e9,,149,Carlos Novaes,Sem título,Sem data,Tinta acrílica sobre papel,50 x 70 cm,./0.png
56,-25.423928300000000,-49.212731699999999,147,BL08,1o Andar,81602e44-ea09-48bc-9d35-580f2091a88f,,147,Carlos Novaes,Sem título,Sem data,Tinta acrílica sobre papel,"37,5 x 46 cm",./0.png
57,-25.423916699999999,-49.212699999999998,154,BL08,1o Andar,2f672046-993e-4769-8d63-2d82e48cb398,,154,Carlos Novaes,Sem título,Sem data,Tinta acrílica sobre papel,68 x 49 cm,./0.png
58,-25.423932000000001,-49.212640000000000,153,BL08,1o Andar,b90c2387-8b35-480b-95ff-26e502569efb,,153,Carlos Novaes,Sem título,Sem data,Tinta óleo e  acrílica sobre papel,67 x 49 cm,./0.png
60,-25.426394100000000,-49.214125799999998,162,BL01,Térreo,93783e00-1ee4-4fd3-9e28-8c33a489787a,NOVO (2022),,,,,,,./0.png
61,-25.426390399999999,-49.214134399999999,50,BL01,Térreo,a2372d10-e85b-4d88-8d97-e1b489c14081,,50,Carlos Novaes,(Abstrato),Sem data,Tinta acrílica sobre tela,"30 x 20 cm (suporte – cada)
63,5 x 41,5 cm",./0.png
62,-25.426393699999998,-49.214120800000003,165,BL01,Térreo,c53940a4-9fcf-4a2b-a05a-2b25a073d371,NOVO (2023),,,,,,,./0.png
63,-25.426388400000000,-49.214157200000002,166,BL01,Térreo,59486071-1910-4635-8463-0d488ed07bab,NOVO (2023),,,,,,,./0.png
64,-25.426403199999999,-49.214089600000001,122,BL01,Térreo,fdd2a1ae-e01e-4bef-85bc-e929aa7f8dc4,,122,Rui Casaril,(Abstrato),"2005",Tinta óleo sobre tela,"70 x 90 cm (suporte) 89,5 x 110
(moldura)",./0.png
65,-25.425944099999999,-49.213518499999999,88,Segurança,Térreo,d4dd2bff-fd10-47e4-96ca-0b304e279623,,88,Reginaldo Carvalho,(UniBrasil),Sem data,Tinta óleo sobre tela,"50 x 60 cm (suporte)
68 x 78 cm (moldura)",./0.png
66,-25.426347799999999,-49.214081100000001,133,BL01,Térreo,8b1679bd-7f8d-40db-ba47-e19ba4ad0658,,133,Ciro Vidal,(Abstrato),"2005","Técnica mista: tinta óleo, tinta acrílica e massa plástica sobre tela",89 x 69 cm,./0.png
67,-25.426344799999999,-49.214077199999998,128,BL01,Térreo,48991f24-117a-4af4-a4b2-78f9b146f2cc,,128,Carlos Novaes,(Aquarela),Sem data,Aquarela e nanquim sobre papel,"28,5 x 20 cm (suporte-cada) 39 x 54 cm (moldura)",./0.png
68,-25.426353800000001,-49.214070999999997,127,BL01,Térreo,cdb899a1-c1e8-4db0-be85-fd235422460a,,127,Carlos Novaes,(Abstrato),Sem data,Nanquim e aguada sobre papel,"28,5 x 20 cm (suporte-cada) 39 x 54 cm (moldura)",./0.png
69,-25.425823900000001,-49.214234099999999,48,BL01,Térreo,cedd1f76-8581-42e5-bd71-0fcdb14b2e31,Central de Diplomas,48,Carlos Novaes,Abstrato,Sem data,Tinta óleo sobre tela,54 x 78 cm,./0.png
70,-25.425780199999998,-49.214426699999997,121,BL01,1o Andar,addf7540-b42f-4c0b-9c2b-aa49a1159034,,121,Robson Krieger,Vista da Uni Brasil,"2006",Tinta óleo sobre tela,"50 x 70 cm (suporte)
61,5 x 81,5 cm",./0.png
71,-25.425806600000001,-49.214381899999999,120,BL01,1o Andar,eed49d1d-a80f-44e1-850a-639216c67272,,120,Robson Krieger,Vista da UniBrasil,"2006",Tinta óleo sobre tela,"40 x 60 cm (suporte)
61,5 x 81,5 cm",./0.png
72,-25.425777199999999,-49.214448900000001,118,BL01,1o Andar,b4590770-c4fd-4eb2-80a0-75c554213b37,,118,Robson Krieger,UCP - Pitanga - PR,"2006",Tinta óleo sobre tela,"50 x 70 cm (suporte)
71,5 x 91,5 cm
(suporte)",./0.png
73,-25.425801199999999,-49.214362899999998,115,BL01,1o Andar,1a4b75d4-4030-4ed5-b9b7-1991e77c8f9c,,115,Robson Krieger,"Uniguaçu, União da Vitória – PR","2006",Tinta óleo sobre tela,"50 x 70 cm (suporte)
71,5 x 91,5 cm
(suporte)",./0.png
74,-25.425795399999998,-49.214340000000000,89,BL01,1o Andar,090ebdc2-6621-4a9b-9c25-0b963a8f29f6,,89,Reginaldo Carvalho,(UniBrasil),"2004",Tinta óleo sobre tela,35 x 45 cm,./0.png
75,-25.425812700000002,-49.214303000000001,113,BL01,1o Andar,16496785-568c-494b-b4f6-0b12734c31d0,,113,Robson Krieger,(UniBrasil),01/2016,Impressão colorida sobre tela (reprodução),"60 x 50 cm (suporte)
76 x 66 cm (moldura)",./0.png
76,-25.426031900000002,-49.214206300000001,114,BL01,1o Andar,0fc9c2b4-0f8d-4c41-9185-419e99ba29b7,,114,Robson Krieger,(UniBrasil),Sem data,Tinta óleo sobre tela,"50 x 70 cm (suporte)
71,5 x 91,5 cm
(moldura)",./0.png
77,-25.426288199999998,-49.214135499999998,112,BL01,1o Andar,8215e0f8-7d86-4d0b-ae43-87517857e2b1,,112,Reginaldo Carvalho,(Bandeiras),"2015",Tinta óleo sobre tela,"69 x 78,5 cm (suporte)
73 x 82 cm (moldura)",./0.png
78,-25.425809999999998,-49.214391499999998,59,BL01,1o Andar,d634e94b-7279-4f77-bafa-edad09543bb1,,59,Claudia Dias,(Paisagem),Sem data,Tinta óleo sobre tela,30 x 40 cm (suporte) 42 x 52 cm (moldura),./0.png
79,-25.425784400000001,-49.214340499999999,167,BL01,1o Andar,82e6613d-b2a0-40e5-89bb-6ee4292d4901,SEM CÓDIGO,,,,,,,./0.png
80,-25.425870600000000,-49.214142600000002,132,BL01,1o Andar,1ccf232a-f8a4-4782-9fd4-25bf7d42cccf,,132,Ciro Vidal,(Abstrato),"2004","Técnica mista: tinta óleo, tinta acrílica e massa plástica sobre tela",93 x 154 cm,./0.png
81,-25.425780600000000,-49.214171000000000,137,BL01,1o Andar,004f97e6-a9ef-4934-9918-cefd58cf2f4b,,137,Autor desconhecido,Sem título,"1950",Vidro policromado,137 x 176 cm,./0.png
82,-25.426304500000001,-49.214148299999998,168,BL01,1o Andar,0d6cda63-6145-4b3d-8927-1447a0b86df7,SEM CÓDIGO,,,,,,,./0.png
83,-25.425782399999999,-49.212895199999998,86,BL02,Térreo,bb5fcede-d9a7-465e-8b74-5dc7fc75177c,,86,Reginaldo Carvalho,(UniBrasil),"2004",Tinta óleo sobre tela,"60 x 50 cm (suporte) 80 x 70 cm
(moldura)",./0.png
84,-25.426291299999999,-49.214166200000001,124,BL01,1o Andar,e1c1faf4-6f83-4f28-968f-81b461c1f243,,124,Carlus Lisboa,Sem título,"2015",Tinta óleo e relevo sobre alumínio,"57 x 86,5 cm (suporte)
70 x 101 cm (suporte)",./0.png
85,-25.426292100000001,-49.214173299999999,87,BL01,1o Andar,2d81b053-6b16-4450-92fc-24aae01d6388,,87,Reginaldo Carvalho,(UniBrasil),"2012",Tinta óleo sobre tela,"30 x 40 cm (suporte)
45,5 x 55,5 cm
(moldura)",./0.png
86,-25.426303699999998,-49.214148899999998,85,BL01,1o Andar,c3308788-0295-48c5-8cb1-613b15fb2f27,,85,Reginaldo Carvalho,(UniBrasil),"2004",Tinta óleo sobre tela,"50 x 60 cm (suporte) 70 x 80 cm
(moldura)",./0.png
87,-25.426302600000000,-49.214149700000000,111,BL01,1o Andar,b46b5df4-af8c-4785-a44b-f76f0fabd158,,111,Reginaldo Carvalho,(Araucárias),"2013",Tinta óleo sobre tela,"80 x 80 cm (suporte)
109 x 109 cm (moldura)",./0.png
88,-25.426301899999999,-49.214150300000000,125,BL01,1o Andar,70046460-f8e7-4bb4-a1c2-73da6d7434d4,,125,Carlus Lisboa,Sem título,"2015",Tinta óleo e relevo sobre alumínio,"43,5 x 89 cm (suporte)
66 x111 cm (moldura)",./0.png
89,-25.426301400000000,-49.214150699999998,54,BL01,1o Andar,067d7b14-02cd-4c67-a2a6-94d7cfb04763,,54,Carlos Novaes,(Abstrato),Sem data,Tinta acrílica sobre tela,"7,5 x 17,5 cm (suporte)
18 x 27 cm",./0.png
90,-25.426320199999999,-49.214134700000002,53,BL01,1o Andar,85fe1fb3-c816-478a-a6c2-48c717107015,,53,Carlos Novaes,(Abstrato),Sem data,Tinta acrílica sobre tela,"19 x 9,5 cm (suporte-cada) 29,5 x 33,5 cm",./0.png
91,-25.426300300000001,-49.214169200000001,44,BL01,1o Andar,ee2b3a2f-f10c-413a-920f-3d07734d59ac,,44,Reginaldo Carvalho,Cavaleiros  “Dom Quixote”,Sem data,Tinta óleo sobre tela,60 x 50 cm (suporte) 80 x 70 cm (moldura),./0.png
92,-25.426300500000000,-49.214149100000000,93,BL01,1o Andar,0fc32ce8-c1d6-4e0a-879c-bb5dabe175f7,,93,Reginaldo de Carvalhos,(Lardo da Ordem),"2006",Tinta óleo sobre tela,60 x 50 cm (suporte) 80 x 70 cm (moldura),./0.png
93,-25.426304900000002,-49.214148999999999,62,BL01,1o Andar,2c334d7a-e232-4e77-ba7c-569fbd69258c,,62,Constância Nery,(São João),2006?,Tinta óleo sobre tela,"50 x 70 cm (suporte) 63 x 63 cm
(moldura)",./0.png
94,-25.426310500000000,-49.214148700000003,61,BL01,1o Andar,9d1f378c-e77b-43cf-9f6a-f327d055f2e1,,61,Constância Nery,(São João),2006?,Tinta óleo sobre tela,50 x 70 cm (suporte) 63 x 63 cm (moldura),./0.png
95,-25.426298200000002,-49.214153400000001,58,BL01,1o Andar,aa5bc05c-fd90-4917-9310-4978f92396d7,,58,Cássio Mello,(Centro Universitário UniBrasil),"2005",Tinta óleo sobre tela,"60 x 90 cm (suporte)
88 x 116,5 cm (moldura)",./0.png
96,-25.426307999999999,-49.214158400000002,109,BL01,1o Andar,52bdd1ae-c62e-4283-8fd0-c24be779cc79,,109,Reginaldo carvalho,15 anos UniBrasil,"2013",Tinta óleo sobre tela,"80 x 80 cm (suporte)
108 x 108 cm (suporte)",./0.png
97,-25.426321800000000,-49.214157399999998,136,BL01,1o Andar,52ca7ba9-df7e-46eb-b607-a4ea9af8cec4,,136,Ruben Esmanhotto,Universidade Federal do Paraná,"2008",Vinil encerado sobre tela,"60 x 79 cm (suporte) 67,5 x 82
(moldura)",./0.png
98,-25.426324399999999,-49.214146999999997,6,BL01,1o Andar,ab2030a0-1248-43b4-bf82-368b8e4cf440,,6,Andréa Castor Kraemer,(Vitral/ Campus),"2013",Aquarela sobe seda,"141,5 x 162,5
cm",./0.png
99,-25.426313700000001,-49.214150799999999,72,BL01,1o Andar,9dd1acf0-fab4-4000-822f-a38bbb2cab1b,,72,Lélia Brown,UniBrasil,"2001",Tinta óleo sobre tela,"50 x 70 cm (suporte)
80 x 100 cm (moldura)",./0.png
100,-25.426304999999999,-49.214151100000002,131,BL01,1o Andar,46053a80-fb3d-47ab-b47b-f6189cbeb55a,,131,Paulo L. Schmidlin,(Auditório Cordeiro Clève),"2008",Nanquim sobre papel,"12,5 x 24,5 cm
(suporte) 35 x 42 cm (moldura)",./0.png
101,-25.426297000000002,-49.214174800000002,94,BL01,1o Andar,b98ac955-1e94-413b-a85b-98d4beafe912,,94,Reginaldo de Carvalhos,(Formatura),"2007",Tinta óleo sobre tela,"45 x 57 cm (suporte) 64 x 57 cm
(moldurta)",./0.png
102,-25.426246500000001,-49.214171600000000,97,BL01,1o Andar,a6665511-d729-4ed6-9dbe-9fa7fb39b640,,97,Reginaldo de Carvalho,(UniBrasil),"2008",Tinta óleo sobre tela,39 x 48 cm (suporte) 58 x 67 cm (moldura),./0.png
103,-25.426307099999999,-49.214138499999997,106,BL01,1o Andar,d6bf772c-f54f-4e13-a09d-38922eedb571,,106,Reginaldo Carvalho,(Bloco IV),2009?,Tinta óleo sobre tela,38 x 48 cm (suporte) 60 x 70 cm (moldura),./0.png
104,-25.426306900000000,-49.214141599999998,101,BL01,1o Andar,904b2392-c7b4-4c5e-802e-eb36cf16f996,,101,Reginaldo Carvalho,(Campus),"2009",Tinta óleo sobre tela,"34 x 48 cm (suporte)
58 x 67 cm (moldura)",./0.png
105,-25.426312200000002,-49.214131299999998,98,BL01,1o Andar,62425747-38b9-48c2-9915-f1d7a96a7407,,98,Reginaldo de Carvalho,(Biblioteca),2000?,Tinta óleo sobre tela,38 x 48 cm (suporte) 58 x 67 cm (moldura),./0.png
106,-25.426318100000000,-49.214127300000001,43,BL01,1o Andar,93626289-5659-4029-9bf1-76266b0a9673,,43,Reginaldo Carvalho,(Campus),"2009",Tinta óleo sobre Eucatex,"38,5 x 47 cm (suporte)
58 x 67 cm (moldura)",./0.png
107,-25.426318500000001,-49.214128600000002,100,BL01,1o Andar,85bea690-a5fb-42a8-acdc-d2e290e7eca5,,100,Reginaldo Carvalho,(Biblioteca),"2008",Tinta óleo sobre eucatex,"38 x 47 cm (suporte)
57,5 x 67 cm (suporte)",./0.png
108,-25.426337499999999,-49.214131600000002,107,BL01,1o Andar,398eba3c-c5e1-4614-a9d7-08056e0dabca,,107,Reginaldo Carvalho,(Campus),"2008",Tinta óleo sobre tela,38 x 48 cm (suporte) 58 x 67 cm (moldura),./0.png
109,-25.426340100000001,-49.214147099999998,82,BL01,1o Andar,2611e2fc-9112-41e6-a049-66aeffbde577,,82,Reginaldo Carvalho,(Jardim Interno - UniBrasil),"2001",Tinta óleo sobre tela,"38 x 48 cm (suporte)
58 x 67 cm (moldura)",./0.png
110,-25.426416000000000,-49.214143100000001,105,BL01,1o Andar,ba9540f0-4d77-47fe-9e46-e3af3179f4ce,,105,Reginaldo Carvalho,(Cantina),"2011",Tinta óleo sobre tela,"38 x 48 cm (suporte)
70 x 80 cm (moldura)",./0.png
111,-25.426407999999999,-49.214132399999997,78,BL01,1o Andar,877b1c92-199d-4d4b-ab1d-29aa6f0b510c,,78,Reginaldo Carvalho,(UniBrasil),"2001",Tinta óleo sobre tela,"50 x 60 cm (suporte) 68,5 x 78 cm
(moldura)",./0.png
112,-25.426404000000002,-49.214145500000001,76,BL01,1o Andar,2d5cf20c-b610-4069-88c6-0e0e814d9f01,,76,Reginaldo Carvalho,(UniBrasil),"2001",Tinta óleo sobre tela,50 x 60 cm (suporte) 70 x 80 cm (moldura),./0.png
113,-25.426456000000002,-49.214158099999999,22,BL01,1o Andar,056e7276-3625-4b83-b206-e005cd1209c0,,22,Clècius Coser,Sem título,"2004",Escultura em mármore,"70 x 40 x 23
cm",./0.png
114,-25.426473699999999,-49.214167300000000,4,BL01,1o Andar,b63e67c4-a772-4d21-95cc-d56ac17c0bd2,,4,Louise Lobo Kulig,Não estamos sós,"2006",Tinta acrílica sobre tela,"113 x 145 cm (suporte)
116 x 151 cm (moldura)",./0.png
115,-25.426460599999999,-49.214120700000002,5,BL01,1o Andar,4a9ba5b9-f95d-4bd6-8d38-438f77fe3402,,5,Louise Lobo Kulig,Para onde vamos?,"2006",Carvão  e tinta acrílica sobre tela,"140 x 160 cm (suporte)
143 x 163 cm (moldura)",./0.png
116,-25.425841599999998,-49.214356400000000,71,Auditório bloco 1,Térreo,c00c18b4-4f30-4b74-b3a8-ca993c7be8a7,,71,Josué Demarche,Sem título,"2008",Tinta óleo sobre tela,270 x 600 cm (aproximadam ente),./0.png
117,-25.425869800000001,-49.214333600000003,138,Auditório bloco 1,Térreo,20a69cf6-5207-41e3-858e-f77261f8ee3d,,138,Autor desconhecido,Sem título,"1950",Vidro policromado,"473 x 98 cm
(12 vitrais)
430 x 98 cm (1 vitral)",./0.png
118,-25.426053100000001,-49.214361699999998,92,BL01,Térreo,5e6e5bd7-2baa-4602-a42d-bc99d96dd1ce,,92,Reginaldo de Carvalhos,Araucárias,"2005",Tinta óleo sobre tela,"36 x 60 cm (suporte)
54 x 79,5 cm (moldura)",./0.png
119,-25.426199799999999,-49.214095700000001,79,BL01,Térreo,780664e9-24a9-4a22-8042-811e6f60be11,,79,Reginaldo Carvalho,Largo da Ordem,"2001",Tinta óleo sobre tela,"50 x 60 cm (suporte)
71 x 80,5 cm (suporte)",./0.png
120,-25.426167199999998,-49.214106299999997,77,BL01,Térreo,f6eba675-413d-4e5f-af94-c3219e252efd,,77,Reginaldo Carvalho,(UniBrasil),"2001",Tinta óleo sobre tela,50 x 60 cm (suporte) 70 x 80 cm (moldura),./0.png
121,-25.426331399999999,-49.214113699999999,20,BL01,Térreo,966e53d7-0119-4d88-a50a-3663180aa95a,,20,Clècius Coser,Sem título,"2004",Escultura em mármore,"65 x 50 x 20
cm",./0.png
122,-25.426291700000000,-49.214148199999997,135,BL01,Térreo,effe6d43-76ae-4ad9-b680-2c2d52025d46,,135,Ruben Esmanhotto,UniBrasil,"2005",Vinil encerado sobre madeira,70 x 70 cm (cada),./0.png
123,-25.426294700000000,-49.214102799999999,21,BL01,Térreo,3b11005c-5ae3-471a-a76d-cd743325bc26,,21,Clècius Coser,Sem título,"2006",Escultura em mármore,"106 x 32 x 21
cm",./0.png
124,-25.426238099999999,-49.214145600000002,103,BL01,Térreo,0ec2a644-8565-49a7-9496-99fe48efb3b0,,103,Reginaldo Carvalho,Curitiba,"2009",Tinta óleo sobre tela,172 x 522 cm,./0.png
125,-25.426232700000000,-49.214178400000002,70,BL01,Térreo,9fbba56d-599c-4e67-886b-5632b98617e5,,70,Isael M. Caetano,Sem título,"2008",Tinta acrílica sobre tela,50 x 150 cm,./0.png
126,-25.426198599999999,-49.214099500000003,68,BL01,Térreo,ebf8107f-1a03-4509-b544-afd6601107fe,,68,Isael M. Caetano,Sem título,"2008",Tinta acrílica sobre tela,50 x 150 cm,./0.png
127,-25.426132200000001,-49.214208399999997,67,BL01,Térreo,816a13ce-0fad-486c-90f3-e4045c5a2a1c,,67,Isael M. Caetano,Sem título,"2008",Tinta acrílica sobre tela,50 x 150 cm,./0.png
128,-25.425669800000001,-49.212951099999998,56,BL02,2o Andar,0ae621e7-eb62-489b-a76c-f1f69c2be0ff,,56,Carlos Novaes,(Abstrato),Sem data,Tinta acrílica sobre tela,"17 x 24 cm (suporte)
32,5 x 39,5 cm
(suporte)",./0.png
129,-25.425740300000001,-49.212941499999999,55,BL02,2o Andar,620b5118-c4b8-4cda-b15b-5db46ac8887e,,55,Carlos Novaes,(Abstrato),Sem data,Tinta acrílica sobre tela,"21 x 18 cm (suporte)
32,5 x 39,5 cm
(moldura)",./0.png
130,-25.425792200000000,-49.212862899999998,81,BL02,Térreo,094c155d-780b-4a72-86f4-34dd74157c51,,81,Reginaldo Carvalho,UniBrasil,"2001",Tinta óleo sobre tela,"50 x 60 cm (suporte)
70 x 80 ccm (moldura)",./0.png
131,-25.425806500000000,-49.212898600000003,126,BL02,Térreo,7bb630cf-7249-4636-b86d-f020e019f0e5,,126,Carlus Lisboa,Sem título,"2015",Tinta óleo e relevo sobre alumínio,"50 x 80 cm (suporte)
70 x 101 cm (moldura)",./0.png
132,-25.425791700000001,-49.212882999999998,80,BL02,Térreo,ca93814e-e7c8-474b-915b-9f0ba5a2cae4,,80,Reginaldo Carvalho,Universidade Federal do Paraná,"2001",Tinta óleo sobre tela,"60 x 80 cm (suporte)
83 x 103 cm (moldura)",./0.png
133,-25.425782500000000,-49.212883800000000,49,BL02,Térreo,68d2e0a8-713f-496e-a0ca-38543e44a08d,,49,Carlos Novaes,(Abstrato),Sem data,Tinta acrílica sobre tela,"30 x 20 cm (suporte – cada)
61,5 x 41,5 cm
(moldura)",./0.png
134,-25.425755100000000,-49.212920500000003,28,BL02,Térreo,fc04d427-ca75-4dee-b8f6-1d2567c57e36,,28,Hugo Abati,(UniBrasil),Sem data,Reprodução fotográfica em preto e branco sobre papel,29 x 39 cm (suporte) 45 x 55 cm (moldura),./0.png
135,-25.425738299999999,-49.212921500000000,30,BL02,Térreo,0cafa06a-e05e-4b70-8d21-3c4f215edc09,,30,Hugo Abati,(UniBrasil),Sem data,Reprodução fotográfica em preto e branco sobre papel,"29 x 39 cm (suporte)
45 x 55 cm (moldura)",./0.png
136,-25.425693899999999,-49.212946299999999,29,BL02,Térreo,de51bfc8-1a32-4b6d-97e6-f9390cee29e1,,29,Hugo Abati,(UniBrasil),Sem data,Reprodução fotográfica em preto e branco sobre papel,"29 x 39 cm (suporte)
45 x 55 cm (moldura)",./0.png
137,-25.425693400000000,-49.212932000000002,31,BL02,Térreo,253e50d0-d29a-4c68-a1e2-b4a89a5a5e15,,31,Hugo Abati,(UniBrasil),Sem data,Reprodução fotográfica em preto e branco sobre papel,"29 x 39 cm (suporte)
45 x 55 cm (moldura)",./0.png
138,-25.425329300000001,-49.211854500000001,2,EXTERNO,Externo,bd8acb5a-864b-4426-a911-182ed6819e7a,,2,Elizabeth Titton,Bosque,2007 - 2018,Aço policromado e cortado a laser,"300 x 118 x 90
cm",./0.png
139,-25.425296299999999,-49.211978600000002,19,EXTERNO,Externo,51f9ec52-581c-42f7-8e0c-945943d52e46,,19,Tony Reis,Coração,"2015",Escultura em resina,"250 x 255 x 50
cm",./0.png
140,-25.425839300000000,-49.212866300000002,169,BL02,Térreo,df67b058-f58a-491e-8b99-2b346fd65fff,SEM CÓDIGO,,,,,,,./0.png
141,-25.425711499999998,-49.212407900000002,18,EXTERNO,Externo,76b0fbd8-8933-46eb-b36c-d9093d105d76,,18,Tony Reis,Lápis,"2015",Escultura em ferro Fundido,"400 x 250 x
470 cm",./0.png
142,-25.425993099999999,-49.212750200000002,139,BL02,Térreo,ca2c5129-34ad-4b53-bb52-c4e5b2a21713,,139,Autor desconhecido,Sem título,Sem data,Tinta spray sobre concreto,300 x 400 cm,./0.png
143,-25.425781400000002,-49.212871700000001,96,BL02,Térreo,15c95dd1-f1a9-4c42-99b3-9447ae7444ce,,96,Reginaldo de Carvalhos,(UniBrasil),"2006",Tinta óleo sobre tela,"50 x 60 cm (suporte)
68,5 x 78,5 cm
(suporte)",./0.png
144,-25.425764699999998,-49.212894499999997,95,BL02,Térreo,6d8cd14a-4d7a-459c-89c2-cd2848a6b050,,95,Reginaldo de Carvalho,(Dia de chuva),"2006",Tinta óleo sobre tela,"50 x 60 cm (suporte) 68 x 78 cm
(suporte)",./0.png
145,-25.425813000000002,-49.212868299999997,60,BL02,Térreo,7c4da8c5-c134-4c93-98e4-9c8877e90053,,60,Claudio Seto,Ponto Luminoso da Alma,"1994",Tinta acrílica sobre tela,"50 x 50 cm (suporte)
75,5 x 85,5cm
(moldura)",./0.png
146,-25.425803599999998,-49.212879500000000,75,BL02,Térreo,bc6b2f46-5491-4243-94a5-016d2e849f38,,75,Reginaldo Carvalho,Vista da Rua das Flores,"2004",Tinta óleo sobre tela,"92 x 72,5 cm (suporte)
95 x 75,5 cm (moldura)",./0.png
147,-25.426362999999998,-49.214423699999998,1,EXTERNO,Externo,4b3a4527-fcd6-4596-800e-61c00053ec90,,1,Elizabeth Titton,Árvore Passarinho,2007 - 2018,Aço policromado e cortado a laser,"120 x 68,5 x
68,5 cm",./0.png
148,-25.426411600000002,-49.214314500000000,12,EXTERNO,Externo,31a3bd6c-d46a-452d-8196-78391960b4e6,,12,Autor desconhecido,Sem título (vênus de Millus),Sem data,Escultura em concreto policromado,"79,5 x 19 x 21
cm",./0.png
149,-25.426303300000001,-49.214268300000001,155,EXTERNO,Externo,4c2f8e4b-720f-47ea-86e7-21e8633dc1ce,,155,Clècius Coser,Sem título,Sem data,Escultura em mármore,,./0.png
150,-25.425677600000000,-49.212944100000001,134,BL02,Térreo,4641d828-862f-4a5e-aac0-5ce5e27d4fd8,,134,N. Cordeiro,Brasil,"2007","Tinta óleo, tinta acrílica , estopa e
massa plástica sobre tela","150 x 219,5
cm",./0.png
151,-25.425694700000001,-49.212671899999997,57,BL03,3o Andar,a403454e-1a51-4464-8d39-7bd38869a058,,57,Carlos Lisboa,Helena Kolody,"2015",Tinta óleo sobre tela,"60 x 50 cm (suporte)
82 x 71,5 cm (moldura)",./0.png
152,-25.425336500000000,-49.213481399999999,13,EXTERNO,Externo,d80bf3f9-f720-40ce-80da-7613399d401a,,13,Autor desconhecido,Sem título,Sem data,Escultura em concreto policromado,"98 x 27 x 25,5
cm",./0.png
153,-25.426426700000000,-49.214031700000000,10,EXTERNO,Externo,5a185cde-6c3f-4789-820c-e0a10f40994f,,10,Otávio Gomide,Mulheres,"1986",Escultura em bronze,"44 x 26 x 26
cm",./0.png
154,-25.426290600000002,-49.213990699999997,158,EXTERNO,Externo,f240d495-a84a-49b6-82eb-654b4555e4d2,,,,,,,,./0.png
155,-25.425839799999999,-49.214200800000000,137,BL01,1o Andar,90f501d7-c8b1-4001-9e8b-eb4983ce3e78,,137,Autor desconhecido,Sem título,"1950",Vidro policromado,137 x 176 cm,./0.png
156,-25.425920800000000,-49.213592100000000,24,EXTERNO,Externo,36e9a06d-f236-4336-94c1-b37891017446,,24,Luciano Corel Corbellini,(Ascenção),2010?,Escultura em pedra Sabão e aço inox,"183 x 63 x 42
cm",./0.png
157,-25.425801199999999,-49.213629400000002,9,EXTERNO,Externo,6475bd4e-1a5c-475c-b1c2-f50d6842de13,,9,Otávio Gomide,(Mulheres),"1987",Escultura em bronze,"48 x 22 x 21
cm",./0.png
158,-25.425238499999999,-49.213210599999996,11,EXTERNO,Externo,4fad9036-614f-4748-ac46-1e58e4bd977e,,11,Autor desconhecido,Sem título,Sem data,Escultura em concreto policromado,163 x 40Ø,./0.png
